<?xml version="1.0" encoding="UTF-8"?>
<site>
   <description>
      This update site provides the AspectJ feature and related
 tools.
   </description>
   <feature url="features/org.eclipse.ajdt_2.2.3.e42x-RELEASE-20130625-1400.jar" id="org.eclipse.ajdt" version="2.2.3.e42x-RELEASE-20130625-1400">
      <category name="org.eclipse.ajdt"/>
   </feature>
   <feature url="features/org.eclipse.contribution.weaving_2.2.3.e42x-RELEASE-20130625-1400.jar" id="org.eclipse.contribution.weaving" version="2.2.3.e42x-RELEASE-20130625-1400">
      <category name="org.eclipse.ajdt.other"/>
   </feature>
   <feature url="features/org.eclipse.contribution.xref_2.2.3.e42x-RELEASE-20130625-1400.jar" id="org.eclipse.contribution.xref" version="2.2.3.e42x-RELEASE-20130625-1400">
      <category name="org.eclipse.ajdt.other"/>
   </feature>
   <feature url="features/org.eclipse.ajdt.source_2.2.3.e42x-RELEASE-20130625-1400.jar" id="org.eclipse.ajdt.source" version="2.2.3.e42x-RELEASE-20130625-1400">
      <category name="org.eclipse.ajdt.source"/>
   </feature>
   <feature url="features/org.eclipse.contribution.weaving.source_2.2.3.e42x-RELEASE-20130625-1400.jar" id="org.eclipse.contribution.weaving.source" version="2.2.3.e42x-RELEASE-20130625-1400">
      <category name="org.eclipse.ajdt.source"/>
   </feature>
   <feature url="features/org.eclipse.contribution.xref.source_2.2.3.e42x-RELEASE-20130625-1400.jar" id="org.eclipse.contribution.xref.source" version="2.2.3.e42x-RELEASE-20130625-1400">
      <category name="org.eclipse.ajdt.source"/>
   </feature>
   <feature url="features/org.eclipse.equinox.weaving.sdk_1.0.200.I20130319-1000.jar" id="org.eclipse.equinox.weaving.sdk" version="1.0.200.I20130319-1000">
      <category name="org.eclipse.ajdt.other"/>
   </feature>
   <feature url="features/org.aspectj_1.7.3.20130613144500-a.jar" id="org.aspectj" version="1.7.3.20130613144500-a">
      <category name="org.eclipse.ajdt.other"/>
   </feature>
   <feature url="features/org.aspectj.source_1.7.3.20130613144500-a.jar" id="org.aspectj.source" version="1.7.3.20130613144500-a">
      <category name="org.eclipse.ajdt.source"/>
   </feature>
   <category-def name="org.eclipse.ajdt" label="AspectJ Development Tools (Required)">
      <description>
         The AJDT project provides Eclipse tooling for the AspectJ language.  See http://eclipse.org/ajdt
      </description>
   </category-def>
   <category-def name="org.eclipse.ajdt.other" label="Other AJDT Tools (Optional)">
      <description>
         Parts of AJDT that some may want to consume independently.
      </description>
   </category-def>
   <category-def name="org.eclipse.ajdt.source" label="AspectJ Development Tools Source (Optional)">
      <description>
         Source code for all AJDT and related tools.
      </description>
   </category-def>
</site>
